source_text,question,answer,embedding_text
"{'text': 'The Great Barrier Reef, located off the coast of Australia, is the largest coral reef system in the world. It spans over 2,300 kilometers and is home to thousands of marine species. The reef is visible from space and is a UNESCO World Heritage Site.'}",What is the total length of the Great Barrier Reef?,"Over 2,300 kilometers",What is the total length of the Great Barrier Reef?
"{'text': 'The Great Barrier Reef, located off the coast of Australia, is the largest coral reef system in the world. It spans over 2,300 kilometers and is home to thousands of marine species. The reef is visible from space and is a UNESCO World Heritage Site.'}",What makes the Great Barrier Reef unique?,It is the largest coral reef system in the world.,What makes the Great Barrier Reef unique?
"{'text': 'The Great Barrier Reef, located off the coast of Australia, is the largest coral reef system in the world. It spans over 2,300 kilometers and is home to thousands of marine species. The reef is visible from space and is a UNESCO World Heritage Site.'}",What can be seen from space?,The Great Barrier Reef,What can be seen from space?
"{'text': 'The Great Barrier Reef, located off the coast of Australia, is the largest coral reef system in the world. It spans over 2,300 kilometers and is home to thousands of marine species. The reef is visible from space and is a UNESCO World Heritage Site.'}",What is the Great Barrier Reef's status in terms of global recognition?,It is a UNESCO World Heritage Site.,What is the Great Barrier Reef's status in terms of global recognition?
"{'text': 'The Great Barrier Reef, located off the coast of Australia, is the largest coral reef system in the world. It spans over 2,300 kilometers and is home to thousands of marine species. The reef is visible from space and is a UNESCO World Heritage Site.'}",How many marine species call the Great Barrier Reef home?,Thousands,How many marine species call the Great Barrier Reef home?
{'text': 'Photosynthesis is the process by which green plants and some bacteria convert sunlight into chemical energy. It occurs mainly in the chloroplasts of plant cells and produces oxygen as a byproduct. This process is essential for life on Earth.'},What is the primary process that green plants and some bacteria perform using sunlight?,They convert sunlight into chemical energy.,What is the primary process that green plants and some bacteria perform using sunlight?
{'text': 'Photosynthesis is the process by which green plants and some bacteria convert sunlight into chemical energy. It occurs mainly in the chloroplasts of plant cells and produces oxygen as a byproduct. This process is essential for life on Earth.'},Where does photosynthesis primarily occur in plant cells?,In the chloroplasts.,Where does photosynthesis primarily occur in plant cells?
{'text': 'Photosynthesis is the process by which green plants and some bacteria convert sunlight into chemical energy. It occurs mainly in the chloroplasts of plant cells and produces oxygen as a byproduct. This process is essential for life on Earth.'},What is the main byproduct of photosynthesis?,Oxygen.,What is the main byproduct of photosynthesis?
{'text': 'Photosynthesis is the process by which green plants and some bacteria convert sunlight into chemical energy. It occurs mainly in the chloroplasts of plant cells and produces oxygen as a byproduct. This process is essential for life on Earth.'},Why is photosynthesis considered essential for life on Earth?,It is the primary means by which organisms produce food and release oxygen into the atmosphere.,Why is photosynthesis considered essential for life on Earth?
{'text': 'Photosynthesis is the process by which green plants and some bacteria convert sunlight into chemical energy. It occurs mainly in the chloroplasts of plant cells and produces oxygen as a byproduct. This process is essential for life on Earth.'},What are the two main components involved in the process of photosynthesis?,Sunlight and carbon dioxide.,What are the two main components involved in the process of photosynthesis?
{'text': 'The Internet of Things (IoT) refers to the network of interconnected devices that can collect and exchange data. These devices range from smart home appliances to industrial sensors. IoT is transforming industries by enabling real-time monitoring and automation.'},What is the Internet of Things (IoT)?,The Internet of Things (IoT) is a network of interconnected devices that can collect and exchange data.,What is the Internet of Things (IoT)?
{'text': 'The Internet of Things (IoT) refers to the network of interconnected devices that can collect and exchange data. These devices range from smart home appliances to industrial sensors. IoT is transforming industries by enabling real-time monitoring and automation.'},What types of devices are part of the IoT?,The IoT includes devices like smart home appliances and industrial sensors.,What types of devices are part of the IoT?
{'text': 'The Internet of Things (IoT) refers to the network of interconnected devices that can collect and exchange data. These devices range from smart home appliances to industrial sensors. IoT is transforming industries by enabling real-time monitoring and automation.'},What are the key benefits of IoT for industries?,"IoT enables real-time monitoring and automation, transforming industries.",What are the key benefits of IoT for industries?
{'text': 'The Internet of Things (IoT) refers to the network of interconnected devices that can collect and exchange data. These devices range from smart home appliances to industrial sensors. IoT is transforming industries by enabling real-time monitoring and automation.'},What kind of data can IoT devices collect and exchange?,"IoT devices can collect and exchange data relevant to their function, such as temperature, pressure, or usage patterns.",What kind of data can IoT devices collect and exchange?
{'text': 'The Internet of Things (IoT) refers to the network of interconnected devices that can collect and exchange data. These devices range from smart home appliances to industrial sensors. IoT is transforming industries by enabling real-time monitoring and automation.'},How does IoT enable automation?,IoT enables automation by allowing devices to communicate and respond to each other without human intervention.,How does IoT enable automation?
{'text': 'Vaccines work by training the immune system to recognize and fight specific pathogens. They contain harmless parts of the virus or bacteria they protect against. Widespread vaccination has helped eradicate diseases like smallpox.'},What is the primary function of vaccines?,Vaccines train the immune system to recognize and fight specific pathogens.,What is the primary function of vaccines?
{'text': 'Vaccines work by training the immune system to recognize and fight specific pathogens. They contain harmless parts of the virus or bacteria they protect against. Widespread vaccination has helped eradicate diseases like smallpox.'},What do vaccines contain?,Vaccines contain harmless parts of the virus or bacteria they protect against.,What do vaccines contain?
{'text': 'Vaccines work by training the immune system to recognize and fight specific pathogens. They contain harmless parts of the virus or bacteria they protect against. Widespread vaccination has helped eradicate diseases like smallpox.'},What is one example of a disease that has been eradicated due to widespread vaccination?,Smallpox,What is one example of a disease that has been eradicated due to widespread vaccination?
{'text': 'Vaccines work by training the immune system to recognize and fight specific pathogens. They contain harmless parts of the virus or bacteria they protect against. Widespread vaccination has helped eradicate diseases like smallpox.'},What is the benefit of widespread vaccination?,Widespread vaccination has helped eradicate diseases.,What is the benefit of widespread vaccination?
{'text': 'Vaccines work by training the immune system to recognize and fight specific pathogens. They contain harmless parts of the virus or bacteria they protect against. Widespread vaccination has helped eradicate diseases like smallpox.'},What is the immune system's role in the process of vaccination?,The immune system's role is to recognize and fight specific pathogens after vaccination.,What is the immune system's role in the process of vaccination?
"{'text': 'The water cycle describes how water moves through the environment via evaporation, condensation, precipitation, and runoff. It plays a key role in regulating Earth’s climate. Human activities like deforestation can disrupt this cycle.'}",What are the main processes involved in the water cycle?,"Evaporation, condensation, precipitation, and runoff.",What are the main processes involved in the water cycle?
"{'text': 'The water cycle describes how water moves through the environment via evaporation, condensation, precipitation, and runoff. It plays a key role in regulating Earth’s climate. Human activities like deforestation can disrupt this cycle.'}",How does the water cycle influence Earth's climate?,It plays a key role in regulating Earth’s climate.,How does the water cycle influence Earth's climate?
"{'text': 'The water cycle describes how water moves through the environment via evaporation, condensation, precipitation, and runoff. It plays a key role in regulating Earth’s climate. Human activities like deforestation can disrupt this cycle.'}",What is one human activity that can disrupt the water cycle?,Deforestation,What is one human activity that can disrupt the water cycle?
"{'text': 'The water cycle describes how water moves through the environment via evaporation, condensation, precipitation, and runoff. It plays a key role in regulating Earth’s climate. Human activities like deforestation can disrupt this cycle.'}",What happens to the water cycle when there is less forest cover due to deforestation?,It can be disrupted.,What happens to the water cycle when there is less forest cover due to deforestation?
"{'text': 'The water cycle describes how water moves through the environment via evaporation, condensation, precipitation, and runoff. It plays a key role in regulating Earth’s climate. Human activities like deforestation can disrupt this cycle.'}","What are the primary stages of the water cycle, in order?","Evaporation, condensation, precipitation, and runoff.","What are the primary stages of the water cycle, in order?"
"{'text': 'The Industrial Revolution, which began in the 18th century, marked a shift from agrarian societies to industrialized ones. It introduced machinery, factories, and mass production. This era greatly increased productivity and urbanization.'}",When did the Industrial Revolution begin?,The Industrial Revolution began in the 18th century.,When did the Industrial Revolution begin?
"{'text': 'The Industrial Revolution, which began in the 18th century, marked a shift from agrarian societies to industrialized ones. It introduced machinery, factories, and mass production. This era greatly increased productivity and urbanization.'}",What was the primary shift caused by the Industrial Revolution?,The Industrial Revolution marked a shift from agrarian societies to industrialized ones.,What was the primary shift caused by the Industrial Revolution?
"{'text': 'The Industrial Revolution, which began in the 18th century, marked a shift from agrarian societies to industrialized ones. It introduced machinery, factories, and mass production. This era greatly increased productivity and urbanization.'}",What are some key innovations introduced during this period?,"It introduced machinery, factories, and mass production.",What are some key innovations introduced during this period?
"{'text': 'The Industrial Revolution, which began in the 18th century, marked a shift from agrarian societies to industrialized ones. It introduced machinery, factories, and mass production. This era greatly increased productivity and urbanization.'}",How did the Industrial Revolution impact productivity?,This era greatly increased productivity.,How did the Industrial Revolution impact productivity?
"{'text': 'The Industrial Revolution, which began in the 18th century, marked a shift from agrarian societies to industrialized ones. It introduced machinery, factories, and mass production. This era greatly increased productivity and urbanization.'}",What was another significant impact of the Industrial Revolution?,It also led to a significant increase in urbanization.,What was another significant impact of the Industrial Revolution?
"{'text': 'Renewable energy sources, such as solar, wind, and hydro, are considered environmentally friendly because they do not deplete natural resources. They play a crucial role in reducing greenhouse gas emissions. Transitioning to renewable energy is key to fighting climate change.'}",What are the main types of renewable energy sources mentioned in the text?,"Solar, wind, and hydro.",What are the main types of renewable energy sources mentioned in the text?
"{'text': 'Renewable energy sources, such as solar, wind, and hydro, are considered environmentally friendly because they do not deplete natural resources. They play a crucial role in reducing greenhouse gas emissions. Transitioning to renewable energy is key to fighting climate change.'}",Why are these energy sources considered environmentally friendly?,Because they do not deplete natural resources.,Why are these energy sources considered environmentally friendly?
"{'text': 'Renewable energy sources, such as solar, wind, and hydro, are considered environmentally friendly because they do not deplete natural resources. They play a crucial role in reducing greenhouse gas emissions. Transitioning to renewable energy is key to fighting climate change.'}",What significant role do these renewable energy sources play?,They play a crucial role in reducing greenhouse gas emissions.,What significant role do these renewable energy sources play?
"{'text': 'Renewable energy sources, such as solar, wind, and hydro, are considered environmentally friendly because they do not deplete natural resources. They play a crucial role in reducing greenhouse gas emissions. Transitioning to renewable energy is key to fighting climate change.'}","What is the key to fighting climate change, according to the text?",Transitioning to renewable energy.,"What is the key to fighting climate change, according to the text?"
"{'text': 'Renewable energy sources, such as solar, wind, and hydro, are considered environmentally friendly because they do not deplete natural resources. They play a crucial role in reducing greenhouse gas emissions. Transitioning to renewable energy is key to fighting climate change.'}",What are the benefits of using renewable energy sources over non-renewable ones?,They do not contribute to the depletion of natural resources and help reduce greenhouse gas emissions.,What are the benefits of using renewable energy sources over non-renewable ones?
"{'text': 'The human brain contains approximately 86 billion neurons, which communicate through electrical and chemical signals. It is responsible for complex behaviors, emotions, and cognitive functions. Studying the brain helps us understand mental health disorders.'}",How many neurons are estimated to be in the human brain?,Approximately 86 billion,How many neurons are estimated to be in the human brain?
"{'text': 'The human brain contains approximately 86 billion neurons, which communicate through electrical and chemical signals. It is responsible for complex behaviors, emotions, and cognitive functions. Studying the brain helps us understand mental health disorders.'}",What are the primary means of communication between neurons?,Electrical and chemical signals,What are the primary means of communication between neurons?
"{'text': 'The human brain contains approximately 86 billion neurons, which communicate through electrical and chemical signals. It is responsible for complex behaviors, emotions, and cognitive functions. Studying the brain helps us understand mental health disorders.'}",What are some of the key functions the brain is responsible for?,"Complex behaviors, emotions, and cognitive functions",What are some of the key functions the brain is responsible for?
"{'text': 'The human brain contains approximately 86 billion neurons, which communicate through electrical and chemical signals. It is responsible for complex behaviors, emotions, and cognitive functions. Studying the brain helps us understand mental health disorders.'}",What is one of the main benefits of studying the brain?,Understanding mental health disorders,What is one of the main benefits of studying the brain?
"{'text': 'The human brain contains approximately 86 billion neurons, which communicate through electrical and chemical signals. It is responsible for complex behaviors, emotions, and cognitive functions. Studying the brain helps us understand mental health disorders.'}","What is the estimated number of neurons in the human brain, according to the provided text?",Approximately 86 billion,"What is the estimated number of neurons in the human brain, according to the provided text?"
"{'text': 'The United Nations was established in 1945 to promote peace and international cooperation after World War II. It currently has 193 member states. The UN works on global issues like human rights, health, and development.'}",When was the United Nations established?,1945,When was the United Nations established?
"{'text': 'The United Nations was established in 1945 to promote peace and international cooperation after World War II. It currently has 193 member states. The UN works on global issues like human rights, health, and development.'}",What was the primary purpose of establishing the United Nations?,To promote peace and international cooperation after World War II,What was the primary purpose of establishing the United Nations?
"{'text': 'The United Nations was established in 1945 to promote peace and international cooperation after World War II. It currently has 193 member states. The UN works on global issues like human rights, health, and development.'}",How many member states does the United Nations currently have?,193,How many member states does the United Nations currently have?
"{'text': 'The United Nations was established in 1945 to promote peace and international cooperation after World War II. It currently has 193 member states. The UN works on global issues like human rights, health, and development.'}",What are some of the global issues that the United Nations works on?,"Human rights, health, and development",What are some of the global issues that the United Nations works on?
"{'text': 'The United Nations was established in 1945 to promote peace and international cooperation after World War II. It currently has 193 member states. The UN works on global issues like human rights, health, and development.'}","What is the current number of member states, rounded to the nearest ten?",200,"What is the current number of member states, rounded to the nearest ten?"
"{'text': 'Black holes are regions in space where gravity is so strong that nothing, not even light, can escape. They form from the remnants of massive stars. Black holes help scientists study the extremes of physics and spacetime.'}",What are black holes?,"Black holes are regions in space where gravity is so strong that nothing, not even light, can escape.",What are black holes?
"{'text': 'Black holes are regions in space where gravity is so strong that nothing, not even light, can escape. They form from the remnants of massive stars. Black holes help scientists study the extremes of physics and spacetime.'}",How do black holes form?,Black holes form from the remnants of massive stars.,How do black holes form?
"{'text': 'Black holes are regions in space where gravity is so strong that nothing, not even light, can escape. They form from the remnants of massive stars. Black holes help scientists study the extremes of physics and spacetime.'}",What is the significance of black holes in scientific research?,Black holes help scientists study the extremes of physics and spacetime.,What is the significance of black holes in scientific research?
"{'text': 'Black holes are regions in space where gravity is so strong that nothing, not even light, can escape. They form from the remnants of massive stars. Black holes help scientists study the extremes of physics and spacetime.'}",What is the primary characteristic that distinguishes black holes from other celestial bodies?,"Their immense gravitational pull, from which not even light can escape.",What is the primary characteristic that distinguishes black holes from other celestial bodies?
"{'text': 'Black holes are regions in space where gravity is so strong that nothing, not even light, can escape. They form from the remnants of massive stars. Black holes help scientists study the extremes of physics and spacetime.'}",What is the primary source of black holes according to the provided text?,The remnants of massive stars.,What is the primary source of black holes according to the provided text?
"{'text': 'Deforestation is the removal of forests for agriculture, logging, or urban development. It contributes to habitat loss, climate change, and reduced biodiversity. Reforestation and sustainable land practices are solutions being explored.'}",What are the primary causes of deforestation?,"Agriculture, logging, and urban development.",What are the primary causes of deforestation?
"{'text': 'Deforestation is the removal of forests for agriculture, logging, or urban development. It contributes to habitat loss, climate change, and reduced biodiversity. Reforestation and sustainable land practices are solutions being explored.'}",What environmental issues are exacerbated by deforestation?,"Habitat loss, climate change, and reduced biodiversity.",What environmental issues are exacerbated by deforestation?
"{'text': 'Deforestation is the removal of forests for agriculture, logging, or urban development. It contributes to habitat loss, climate change, and reduced biodiversity. Reforestation and sustainable land practices are solutions being explored.'}",What are some solutions being explored to address deforestation?,Reforestation and sustainable land practices.,What are some solutions being explored to address deforestation?
"{'text': 'Deforestation is the removal of forests for agriculture, logging, or urban development. It contributes to habitat loss, climate change, and reduced biodiversity. Reforestation and sustainable land practices are solutions being explored.'}",How does deforestation contribute to climate change?,"Deforestation reduces the number of trees available to absorb carbon dioxide from the atmosphere, contributing to climate change.",How does deforestation contribute to climate change?
"{'text': 'Deforestation is the removal of forests for agriculture, logging, or urban development. It contributes to habitat loss, climate change, and reduced biodiversity. Reforestation and sustainable land practices are solutions being explored.'}",What is the impact of deforestation on biodiversity?,Deforestation reduces biodiversity by destroying habitats and disrupting ecosystems.,What is the impact of deforestation on biodiversity?
{'text': 'The periodic table organizes chemical elements based on their atomic number and properties. It was first developed by Dmitri Mendeleev in 1869. The table is a fundamental tool in chemistry education and research.'},Who was the first person to develop the periodic table?,Dmitri Mendeleev,Who was the first person to develop the periodic table?
{'text': 'The periodic table organizes chemical elements based on their atomic number and properties. It was first developed by Dmitri Mendeleev in 1869. The table is a fundamental tool in chemistry education and research.'},In which year was the periodic table first developed?,1869,In which year was the periodic table first developed?
{'text': 'The periodic table organizes chemical elements based on their atomic number and properties. It was first developed by Dmitri Mendeleev in 1869. The table is a fundamental tool in chemistry education and research.'},What does the periodic table primarily organize chemical elements based on?,Their atomic number and properties,What does the periodic table primarily organize chemical elements based on?
{'text': 'The periodic table organizes chemical elements based on their atomic number and properties. It was first developed by Dmitri Mendeleev in 1869. The table is a fundamental tool in chemistry education and research.'},What are the main uses of the periodic table in chemistry?,It is a fundamental tool in chemistry education and research,What are the main uses of the periodic table in chemistry?
{'text': 'The periodic table organizes chemical elements based on their atomic number and properties. It was first developed by Dmitri Mendeleev in 1869. The table is a fundamental tool in chemistry education and research.'},What is the primary purpose of the periodic table?,To organize chemical elements,What is the primary purpose of the periodic table?
{'text': 'Antibiotics are drugs used to treat bacterial infections by killing or inhibiting the growth of bacteria. They do not work against viruses. Overuse of antibiotics can lead to the development of resistant bacteria.'},What are antibiotics primarily used for?,Antibiotics are used to treat bacterial infections.,What are antibiotics primarily used for?
{'text': 'Antibiotics are drugs used to treat bacterial infections by killing or inhibiting the growth of bacteria. They do not work against viruses. Overuse of antibiotics can lead to the development of resistant bacteria.'},How do antibiotics work against bacteria?,Antibiotics kill or inhibit the growth of bacteria.,How do antibiotics work against bacteria?
{'text': 'Antibiotics are drugs used to treat bacterial infections by killing or inhibiting the growth of bacteria. They do not work against viruses. Overuse of antibiotics can lead to the development of resistant bacteria.'},What type of infections do antibiotics not treat?,Antibiotics do not work against viruses.,What type of infections do antibiotics not treat?
{'text': 'Antibiotics are drugs used to treat bacterial infections by killing or inhibiting the growth of bacteria. They do not work against viruses. Overuse of antibiotics can lead to the development of resistant bacteria.'},What is a potential consequence of overusing antibiotics?,Overuse of antibiotics can lead to the development of resistant bacteria.,What is a potential consequence of overusing antibiotics?
{'text': 'Antibiotics are drugs used to treat bacterial infections by killing or inhibiting the growth of bacteria. They do not work against viruses. Overuse of antibiotics can lead to the development of resistant bacteria.'},What are some of the bacteria that can become resistant due to overuse of antibiotics?,"The text does not specify particular bacteria, but it mentions that 'resistant bacteria' can develop.",What are some of the bacteria that can become resistant due to overuse of antibiotics?
{'text': 'Machine learning is a subset of artificial intelligence that allows computers to learn patterns from data and make decisions without explicit programming. It is used in applications such as speech recognition and fraud detection.'},What is the primary goal of machine learning?,To enable computers to learn patterns from data and make decisions without explicit programming.,What is the primary goal of machine learning?
{'text': 'Machine learning is a subset of artificial intelligence that allows computers to learn patterns from data and make decisions without explicit programming. It is used in applications such as speech recognition and fraud detection.'},What are some applications of machine learning?,Speech recognition and fraud detection.,What are some applications of machine learning?
{'text': 'Machine learning is a subset of artificial intelligence that allows computers to learn patterns from data and make decisions without explicit programming. It is used in applications such as speech recognition and fraud detection.'},How does machine learning differ from traditional programming?,Machine learning allows computers to learn from data and make decisions without being explicitly programmed for each task.,How does machine learning differ from traditional programming?
{'text': 'Machine learning is a subset of artificial intelligence that allows computers to learn patterns from data and make decisions without explicit programming. It is used in applications such as speech recognition and fraud detection.'},What kind of intelligence does machine learning fall under?,Artificial Intelligence,What kind of intelligence does machine learning fall under?
{'text': 'Machine learning is a subset of artificial intelligence that allows computers to learn patterns from data and make decisions without explicit programming. It is used in applications such as speech recognition and fraud detection.'},What does machine learning enable computers to do?,Learn patterns from data and make decisions.,What does machine learning enable computers to do?
"{'text': ""The Earth's atmosphere is made up of nitrogen, oxygen, and other gases. It protects life by blocking harmful solar radiation and regulating temperature. Human activities are affecting its composition, leading to climate change.""}",What are the primary components of the Earth's atmosphere?,"Nitrogen, oxygen, and other gases.",What are the primary components of the Earth's atmosphere?
"{'text': ""The Earth's atmosphere is made up of nitrogen, oxygen, and other gases. It protects life by blocking harmful solar radiation and regulating temperature. Human activities are affecting its composition, leading to climate change.""}",What is one of the key roles of the Earth's atmosphere in protecting life?,Blocking harmful solar radiation.,What is one of the key roles of the Earth's atmosphere in protecting life?
"{'text': ""The Earth's atmosphere is made up of nitrogen, oxygen, and other gases. It protects life by blocking harmful solar radiation and regulating temperature. Human activities are affecting its composition, leading to climate change.""}",How else does the atmosphere protect life on Earth?,Regulating temperature.,How else does the atmosphere protect life on Earth?
"{'text': ""The Earth's atmosphere is made up of nitrogen, oxygen, and other gases. It protects life by blocking harmful solar radiation and regulating temperature. Human activities are affecting its composition, leading to climate change.""}",What human activities are mentioned to be affecting the Earth's atmosphere?,Human activities.,What human activities are mentioned to be affecting the Earth's atmosphere?
"{'text': ""The Earth's atmosphere is made up of nitrogen, oxygen, and other gases. It protects life by blocking harmful solar radiation and regulating temperature. Human activities are affecting its composition, leading to climate change.""}",What is the consequence of human activities affecting the Earth's atmosphere?,Leading to climate change.,What is the consequence of human activities affecting the Earth's atmosphere?
"{'text': 'The Renaissance was a cultural movement that began in Italy in the 14th century and spread throughout Europe. It emphasized art, science, and humanism. Figures like Leonardo da Vinci and Michelangelo were central to this period.'}",When and where did the Renaissance begin?,The Renaissance began in Italy in the 14th century.,When and where did the Renaissance begin?
"{'text': 'The Renaissance was a cultural movement that began in Italy in the 14th century and spread throughout Europe. It emphasized art, science, and humanism. Figures like Leonardo da Vinci and Michelangelo were central to this period.'}",What were the main areas of focus during the Renaissance?,"The Renaissance emphasized art, science, and humanism.",What were the main areas of focus during the Renaissance?
"{'text': 'The Renaissance was a cultural movement that began in Italy in the 14th century and spread throughout Europe. It emphasized art, science, and humanism. Figures like Leonardo da Vinci and Michelangelo were central to this period.'}",Who were two prominent figures of the Renaissance?,Leonardo da Vinci and Michelangelo were central figures of the Renaissance.,Who were two prominent figures of the Renaissance?
"{'text': 'The Renaissance was a cultural movement that began in Italy in the 14th century and spread throughout Europe. It emphasized art, science, and humanism. Figures like Leonardo da Vinci and Michelangelo were central to this period.'}",How did the Renaissance spread after its initial start?,The Renaissance spread throughout Europe after beginning in Italy.,How did the Renaissance spread after its initial start?
"{'text': 'The Renaissance was a cultural movement that began in Italy in the 14th century and spread throughout Europe. It emphasized art, science, and humanism. Figures like Leonardo da Vinci and Michelangelo were central to this period.'}",What was the time period of the Renaissance?,The Renaissance began in the 14th century and continued into the 17th century.,What was the time period of the Renaissance?
"{'text': 'Global warming refers to the long-term rise in Earth’s average temperature due to increased greenhouse gas emissions. This leads to melting glaciers, rising sea levels, and extreme weather. Reducing emissions is critical to mitigation.'}",What is the primary cause of global warming?,Increased greenhouse gas emissions.,What is the primary cause of global warming?
"{'text': 'Global warming refers to the long-term rise in Earth’s average temperature due to increased greenhouse gas emissions. This leads to melting glaciers, rising sea levels, and extreme weather. Reducing emissions is critical to mitigation.'}",What are some consequences of global warming?,"Melting glaciers, rising sea levels, and extreme weather.",What are some consequences of global warming?
"{'text': 'Global warming refers to the long-term rise in Earth’s average temperature due to increased greenhouse gas emissions. This leads to melting glaciers, rising sea levels, and extreme weather. Reducing emissions is critical to mitigation.'}",What is the key strategy for mitigating global warming?,Reducing emissions.,What is the key strategy for mitigating global warming?
"{'text': 'Global warming refers to the long-term rise in Earth’s average temperature due to increased greenhouse gas emissions. This leads to melting glaciers, rising sea levels, and extreme weather. Reducing emissions is critical to mitigation.'}",What are greenhouse gases?,Not explicitly defined in the text.,What are greenhouse gases?
"{'text': 'Global warming refers to the long-term rise in Earth’s average temperature due to increased greenhouse gas emissions. This leads to melting glaciers, rising sea levels, and extreme weather. Reducing emissions is critical to mitigation.'}",What are some examples of extreme weather due to global warming?,Not explicitly defined in the text.,What are some examples of extreme weather due to global warming?
{'text': 'The World Health Organization (WHO) is a specialized agency of the UN responsible for international public health. It coordinates responses to health emergencies and promotes health equity worldwide.'},What is the primary role of the World Health Organization (WHO)?,The primary role of the WHO is to coordinate international responses to health emergencies and promote health equity worldwide.,What is the primary role of the World Health Organization (WHO)?
{'text': 'The World Health Organization (WHO) is a specialized agency of the UN responsible for international public health. It coordinates responses to health emergencies and promotes health equity worldwide.'},Which larger organization does the WHO belong to?,The WHO is a specialized agency of the United Nations (UN).,Which larger organization does the WHO belong to?
{'text': 'The World Health Organization (WHO) is a specialized agency of the UN responsible for international public health. It coordinates responses to health emergencies and promotes health equity worldwide.'},What are some of the key areas of focus for the WHO?,The WHO focuses on coordinating responses to health emergencies and promoting health equity globally.,What are some of the key areas of focus for the WHO?
{'text': 'The World Health Organization (WHO) is a specialized agency of the UN responsible for international public health. It coordinates responses to health emergencies and promotes health equity worldwide.'},What does the WHO aim to achieve through its work on health equity?,The WHO aims to reduce avoidable health inequalities between and within countries.,What does the WHO aim to achieve through its work on health equity?
{'text': 'The World Health Organization (WHO) is a specialized agency of the UN responsible for international public health. It coordinates responses to health emergencies and promotes health equity worldwide.'},What kind of emergencies does the WHO coordinate responses to?,"The WHO coordinates responses to various health emergencies, including disease outbreaks and other public health threats.",What kind of emergencies does the WHO coordinate responses to?
{'text': 'Photosynthesis not only produces oxygen but also removes carbon dioxide from the atmosphere. This contributes to a natural balance of gases. Disruptions in this process can affect global ecosystems.'},What are the two primary gases produced and removed by photosynthesis?,Oxygen and carbon dioxide,What are the two primary gases produced and removed by photosynthesis?
{'text': 'Photosynthesis not only produces oxygen but also removes carbon dioxide from the atmosphere. This contributes to a natural balance of gases. Disruptions in this process can affect global ecosystems.'},How does photosynthesis contribute to the balance of gases in the atmosphere?,"It produces oxygen and removes carbon dioxide, maintaining a natural balance.",How does photosynthesis contribute to the balance of gases in the atmosphere?
{'text': 'Photosynthesis not only produces oxygen but also removes carbon dioxide from the atmosphere. This contributes to a natural balance of gases. Disruptions in this process can affect global ecosystems.'},What can happen to global ecosystems if the process of photosynthesis is disrupted?,Disruptions can affect global ecosystems.,What can happen to global ecosystems if the process of photosynthesis is disrupted?
{'text': 'Photosynthesis not only produces oxygen but also removes carbon dioxide from the atmosphere. This contributes to a natural balance of gases. Disruptions in this process can affect global ecosystems.'},What are the two main gases involved in the process of photosynthesis?,Oxygen and carbon dioxide,What are the two main gases involved in the process of photosynthesis?
{'text': 'Photosynthesis not only produces oxygen but also removes carbon dioxide from the atmosphere. This contributes to a natural balance of gases. Disruptions in this process can affect global ecosystems.'},What is the role of photosynthesis in maintaining the balance of gases in the atmosphere?,It contributes to a natural balance of gases.,What is the role of photosynthesis in maintaining the balance of gases in the atmosphere?
{'text': 'The Olympic Games are held every four years and bring together athletes from around the world to compete in various sports. They aim to promote peace and unity through sportsmanship and cultural exchange.'},How often are the Olympic Games held?,Every four years.,How often are the Olympic Games held?
{'text': 'The Olympic Games are held every four years and bring together athletes from around the world to compete in various sports. They aim to promote peace and unity through sportsmanship and cultural exchange.'},What is the primary goal of the Olympic Games?,To promote peace and unity through sportsmanship and cultural exchange.,What is the primary goal of the Olympic Games?
{'text': 'The Olympic Games are held every four years and bring together athletes from around the world to compete in various sports. They aim to promote peace and unity through sportsmanship and cultural exchange.'},Which event brings together athletes from around the world?,The Olympic Games.,Which event brings together athletes from around the world?
{'text': 'The Olympic Games are held every four years and bring together athletes from around the world to compete in various sports. They aim to promote peace and unity through sportsmanship and cultural exchange.'},What is the interval between each Olympic Games?,Four years.,What is the interval between each Olympic Games?
{'text': 'The Olympic Games are held every four years and bring together athletes from around the world to compete in various sports. They aim to promote peace and unity through sportsmanship and cultural exchange.'},What are some of the key aspects of the Olympic Games besides competition?,Sportsmanship and cultural exchange.,What are some of the key aspects of the Olympic Games besides competition?
"{'text': 'Cloud computing allows users to access data and applications over the internet rather than on local servers. It offers scalability, flexibility, and cost savings. Popular services include AWS, Azure, and Google Cloud.'}",What is the primary benefit of cloud computing?,Cloud computing allows users to access data and applications over the internet.,What is the primary benefit of cloud computing?
"{'text': 'Cloud computing allows users to access data and applications over the internet rather than on local servers. It offers scalability, flexibility, and cost savings. Popular services include AWS, Azure, and Google Cloud.'}",What are some advantages of using cloud computing?,"It offers scalability, flexibility, and cost savings.",What are some advantages of using cloud computing?
"{'text': 'Cloud computing allows users to access data and applications over the internet rather than on local servers. It offers scalability, flexibility, and cost savings. Popular services include AWS, Azure, and Google Cloud.'}",Which are some popular cloud computing services?,"AWS, Azure, and Google Cloud.",Which are some popular cloud computing services?
"{'text': 'Cloud computing allows users to access data and applications over the internet rather than on local servers. It offers scalability, flexibility, and cost savings. Popular services include AWS, Azure, and Google Cloud.'}",How does cloud computing differ from traditional local servers?,"Cloud computing allows access over the internet, while local servers store data and applications locally.",How does cloud computing differ from traditional local servers?
"{'text': 'Cloud computing allows users to access data and applications over the internet rather than on local servers. It offers scalability, flexibility, and cost savings. Popular services include AWS, Azure, and Google Cloud.'}",What does cloud computing enable users to do?,It enables users to access data and applications over the internet.,What does cloud computing enable users to do?
"{'text': 'Plate tectonics is the scientific theory explaining the movement of Earth’s lithospheric plates. It accounts for earthquakes, volcanoes, and the formation of mountains. The theory revolutionized geology in the 20th century.'}",What is the primary scientific theory that explains the movement of Earth’s lithospheric plates?,Plate tectonics,What is the primary scientific theory that explains the movement of Earth’s lithospheric plates?
"{'text': 'Plate tectonics is the scientific theory explaining the movement of Earth’s lithospheric plates. It accounts for earthquakes, volcanoes, and the formation of mountains. The theory revolutionized geology in the 20th century.'}",What are some of the geological phenomena that plate tectonics theory accounts for?,"Earthquakes, volcanoes, and the formation of mountains",What are some of the geological phenomena that plate tectonics theory accounts for?
"{'text': 'Plate tectonics is the scientific theory explaining the movement of Earth’s lithospheric plates. It accounts for earthquakes, volcanoes, and the formation of mountains. The theory revolutionized geology in the 20th century.'}",In which century did the plate tectonics theory revolutionize geology?,20th century,In which century did the plate tectonics theory revolutionize geology?
"{'text': 'Plate tectonics is the scientific theory explaining the movement of Earth’s lithospheric plates. It accounts for earthquakes, volcanoes, and the formation of mountains. The theory revolutionized geology in the 20th century.'}",What is the outermost shell of the Earth that is moving due to plate tectonics?,Lithospheric plates,What is the outermost shell of the Earth that is moving due to plate tectonics?
"{'text': 'Plate tectonics is the scientific theory explaining the movement of Earth’s lithospheric plates. It accounts for earthquakes, volcanoes, and the formation of mountains. The theory revolutionized geology in the 20th century.'}",What is the scientific field that plate tectonics theory significantly impacted?,Geology,What is the scientific field that plate tectonics theory significantly impacted?
"{'text': 'Nutrition involves the intake of food necessary for health and growth. A balanced diet includes carbohydrates, proteins, fats, vitamins, and minerals. Poor nutrition can lead to various diseases.'}",What are the key components of a balanced diet?,"Carbohydrates, proteins, fats, vitamins, and minerals.",What are the key components of a balanced diet?
"{'text': 'Nutrition involves the intake of food necessary for health and growth. A balanced diet includes carbohydrates, proteins, fats, vitamins, and minerals. Poor nutrition can lead to various diseases.'}",What is the primary purpose of nutrition?,To provide the body with necessary food for health and growth.,What is the primary purpose of nutrition?
"{'text': 'Nutrition involves the intake of food necessary for health and growth. A balanced diet includes carbohydrates, proteins, fats, vitamins, and minerals. Poor nutrition can lead to various diseases.'}",What can result from poor nutrition?,Various diseases.,What can result from poor nutrition?
"{'text': 'Nutrition involves the intake of food necessary for health and growth. A balanced diet includes carbohydrates, proteins, fats, vitamins, and minerals. Poor nutrition can lead to various diseases.'}",Which macronutrients are essential in a balanced diet?,"Carbohydrates, proteins, and fats.",Which macronutrients are essential in a balanced diet?
"{'text': 'Nutrition involves the intake of food necessary for health and growth. A balanced diet includes carbohydrates, proteins, fats, vitamins, and minerals. Poor nutrition can lead to various diseases.'}",What are the micronutrients needed in a balanced diet?,Vitamins and minerals.,What are the micronutrients needed in a balanced diet?
{'text': 'Literacy is the ability to read and write and is fundamental to education and empowerment. Increasing literacy rates contributes to poverty reduction and social progress.'},What is literacy according to the text?,Literacy is the ability to read and write.,What is literacy according to the text?
{'text': 'Literacy is the ability to read and write and is fundamental to education and empowerment. Increasing literacy rates contributes to poverty reduction and social progress.'},Why is literacy considered fundamental?,It is fundamental to education and empowerment.,Why is literacy considered fundamental?
{'text': 'Literacy is the ability to read and write and is fundamental to education and empowerment. Increasing literacy rates contributes to poverty reduction and social progress.'},What are two positive impacts of increasing literacy rates?,Increasing literacy rates contributes to poverty reduction and social progress.,What are two positive impacts of increasing literacy rates?
{'text': 'Literacy is the ability to read and write and is fundamental to education and empowerment. Increasing literacy rates contributes to poverty reduction and social progress.'},What does the text suggest about the relationship between literacy and poverty?,The text suggests that increasing literacy rates can contribute to poverty reduction.,What does the text suggest about the relationship between literacy and poverty?
{'text': 'Literacy is the ability to read and write and is fundamental to education and empowerment. Increasing literacy rates contributes to poverty reduction and social progress.'},What does the text imply about the role of literacy in societal advancement?,The text implies that literacy plays a role in social progress.,What does the text imply about the role of literacy in societal advancement?
"{'text': 'The speed of light in a vacuum is approximately 299,792 kilometers per second. It is a fundamental constant in physics and plays a key role in the theory of relativity.'}",What is the approximate speed of light in a vacuum?,"299,792 kilometers per second",What is the approximate speed of light in a vacuum?
"{'text': 'The speed of light in a vacuum is approximately 299,792 kilometers per second. It is a fundamental constant in physics and plays a key role in the theory of relativity.'}",What is the significance of the speed of light in physics?,It is a fundamental constant in physics.,What is the significance of the speed of light in physics?
"{'text': 'The speed of light in a vacuum is approximately 299,792 kilometers per second. It is a fundamental constant in physics and plays a key role in the theory of relativity.'}",What theory is the speed of light particularly important in?,The theory of relativity.,What theory is the speed of light particularly important in?
"{'text': 'The speed of light in a vacuum is approximately 299,792 kilometers per second. It is a fundamental constant in physics and plays a key role in the theory of relativity.'}",What is the unit of measurement for the speed of light?,Kilometers per second,What is the unit of measurement for the speed of light?
"{'text': 'The speed of light in a vacuum is approximately 299,792 kilometers per second. It is a fundamental constant in physics and plays a key role in the theory of relativity.'}",What is the role of the speed of light in the theory of relativity?,It plays a key role.,What is the role of the speed of light in the theory of relativity?
"{'text': 'The Sahara Desert is the largest hot desert in the world, spanning over 9 million square kilometers in North Africa. It features dunes, oases, and arid landscapes.'}",What is the total area covered by the Sahara Desert?,Over 9 million square kilometers,What is the total area covered by the Sahara Desert?
"{'text': 'The Sahara Desert is the largest hot desert in the world, spanning over 9 million square kilometers in North Africa. It features dunes, oases, and arid landscapes.'}",Which continent is the Sahara Desert primarily located on?,North Africa,Which continent is the Sahara Desert primarily located on?
"{'text': 'The Sahara Desert is the largest hot desert in the world, spanning over 9 million square kilometers in North Africa. It features dunes, oases, and arid landscapes.'}",What are some of the main features of the Sahara Desert?,"Dunes, oases, and arid landscapes",What are some of the main features of the Sahara Desert?
"{'text': 'The Sahara Desert is the largest hot desert in the world, spanning over 9 million square kilometers in North Africa. It features dunes, oases, and arid landscapes.'}",Is the Sahara Desert the largest desert in the world?,"Yes, it is the largest hot desert in the world",Is the Sahara Desert the largest desert in the world?
"{'text': 'The Sahara Desert is the largest hot desert in the world, spanning over 9 million square kilometers in North Africa. It features dunes, oases, and arid landscapes.'}",What makes the Sahara Desert a hot desert?,Its location in North Africa and the lack of significant rainfall,What makes the Sahara Desert a hot desert?
"{'text': 'Digital privacy refers to the protection of personal data in the online world. It includes issues like data encryption, consent, and surveillance. Laws such as GDPR aim to enforce privacy rights.'}",What is the primary focus of digital privacy?,Protection of personal data in the online world.,What is the primary focus of digital privacy?
"{'text': 'Digital privacy refers to the protection of personal data in the online world. It includes issues like data encryption, consent, and surveillance. Laws such as GDPR aim to enforce privacy rights.'}",What are some key aspects of digital privacy?,"Data encryption, consent, and surveillance.",What are some key aspects of digital privacy?
"{'text': 'Digital privacy refers to the protection of personal data in the online world. It includes issues like data encryption, consent, and surveillance. Laws such as GDPR aim to enforce privacy rights.'}",Which law is mentioned as an enforcer of privacy rights?,GDPR (General Data Protection Regulation).,Which law is mentioned as an enforcer of privacy rights?
"{'text': 'Digital privacy refers to the protection of personal data in the online world. It includes issues like data encryption, consent, and surveillance. Laws such as GDPR aim to enforce privacy rights.'}",What does GDPR aim to enforce?,Privacy rights.,What does GDPR aim to enforce?
"{'text': 'Digital privacy refers to the protection of personal data in the online world. It includes issues like data encryption, consent, and surveillance. Laws such as GDPR aim to enforce privacy rights.'}",What is the main goal of digital privacy laws like GDPR?,To protect and enforce privacy rights in the digital realm.,What is the main goal of digital privacy laws like GDPR?
{'text': 'Photosynthesis is the basis of nearly all food chains on Earth. It provides the energy and oxygen necessary for life. Understanding this process is key to addressing food security.'},What is the primary process that photosynthesis enables?,It provides the energy and oxygen necessary for life.,What is the primary process that photosynthesis enables?
{'text': 'Photosynthesis is the basis of nearly all food chains on Earth. It provides the energy and oxygen necessary for life. Understanding this process is key to addressing food security.'},Why is understanding photosynthesis crucial?,It is key to addressing food security.,Why is understanding photosynthesis crucial?
{'text': 'Photosynthesis is the basis of nearly all food chains on Earth. It provides the energy and oxygen necessary for life. Understanding this process is key to addressing food security.'},What is the role of photosynthesis in food chains?,It is the basis of nearly all food chains on Earth.,What is the role of photosynthesis in food chains?
{'text': 'Photosynthesis is the basis of nearly all food chains on Earth. It provides the energy and oxygen necessary for life. Understanding this process is key to addressing food security.'},What are the two main outputs of photosynthesis?,Energy and oxygen,What are the two main outputs of photosynthesis?
{'text': 'Photosynthesis is the basis of nearly all food chains on Earth. It provides the energy and oxygen necessary for life. Understanding this process is key to addressing food security.'},What makes photosynthesis a vital process for life on Earth?,It provides the energy and oxygen necessary for life.,What makes photosynthesis a vital process for life on Earth?
"{'text': 'Public transportation systems reduce traffic congestion and environmental impact. Buses, trains, and subways are efficient means of urban mobility. Investment in infrastructure improves accessibility and sustainability.'}",What are the primary benefits of public transportation systems?,Reducing traffic congestion and environmental impact.,What are the primary benefits of public transportation systems?
"{'text': 'Public transportation systems reduce traffic congestion and environmental impact. Buses, trains, and subways are efficient means of urban mobility. Investment in infrastructure improves accessibility and sustainability.'}",Which modes of transport does the text mention as efficient for urban mobility?,"Buses, trains, and subways.",Which modes of transport does the text mention as efficient for urban mobility?
"{'text': 'Public transportation systems reduce traffic congestion and environmental impact. Buses, trains, and subways are efficient means of urban mobility. Investment in infrastructure improves accessibility and sustainability.'}",What is the role of infrastructure investment in public transportation?,Improving accessibility and sustainability.,What is the role of infrastructure investment in public transportation?
"{'text': 'Public transportation systems reduce traffic congestion and environmental impact. Buses, trains, and subways are efficient means of urban mobility. Investment in infrastructure improves accessibility and sustainability.'}","Are there any other modes of urban mobility mentioned in the text besides buses, trains, and subways?","No, only buses, trains, and subways are mentioned.","Are there any other modes of urban mobility mentioned in the text besides buses, trains, and subways?"
"{'text': 'Public transportation systems reduce traffic congestion and environmental impact. Buses, trains, and subways are efficient means of urban mobility. Investment in infrastructure improves accessibility and sustainability.'}",How does public transportation contribute to sustainability?,By reducing environmental impact.,How does public transportation contribute to sustainability?
"{'text': ""The moon influences ocean tides due to its gravitational pull. Tidal patterns are essential for marine ecosystems. The moon also stabilizes Earth's axial tilt, affecting climate.""}",How does the moon's gravitational pull affect the Earth?,The moon's gravitational pull influences ocean tides.,How does the moon's gravitational pull affect the Earth?
"{'text': ""The moon influences ocean tides due to its gravitational pull. Tidal patterns are essential for marine ecosystems. The moon also stabilizes Earth's axial tilt, affecting climate.""}",What is the significance of tidal patterns caused by the moon?,Tidal patterns are essential for marine ecosystems.,What is the significance of tidal patterns caused by the moon?
"{'text': ""The moon influences ocean tides due to its gravitational pull. Tidal patterns are essential for marine ecosystems. The moon also stabilizes Earth's axial tilt, affecting climate.""}",What is another way the moon affects Earth besides tidal influence?,"The moon stabilizes Earth's axial tilt, which affects climate.",What is another way the moon affects Earth besides tidal influence?
"{'text': ""The moon influences ocean tides due to its gravitational pull. Tidal patterns are essential for marine ecosystems. The moon also stabilizes Earth's axial tilt, affecting climate.""}","What are the primary effects of the moon on Earth, according to the text?",The moon influences ocean tides and stabilizes Earth's axial tilt.,"What are the primary effects of the moon on Earth, according to the text?"
"{'text': ""The moon influences ocean tides due to its gravitational pull. Tidal patterns are essential for marine ecosystems. The moon also stabilizes Earth's axial tilt, affecting climate.""}",How do these lunar effects contribute to the overall well-being of Earth?,"The moon's influence on tides supports marine ecosystems, and its role in stabilizing axial tilt helps regulate climate.",How do these lunar effects contribute to the overall well-being of Earth?
"{'text': 'Education technology, or EdTech, includes digital tools that enhance learning experiences. Online courses, smartboards, and AI tutors are transforming traditional classrooms.'}",What are some examples of digital tools used in EdTech?,"Online courses, smartboards, and AI tutors.",What are some examples of digital tools used in EdTech?
"{'text': 'Education technology, or EdTech, includes digital tools that enhance learning experiences. Online courses, smartboards, and AI tutors are transforming traditional classrooms.'}",How do these digital tools enhance learning experiences?,They transform traditional classrooms by providing new ways to engage with educational content.,How do these digital tools enhance learning experiences?
"{'text': 'Education technology, or EdTech, includes digital tools that enhance learning experiences. Online courses, smartboards, and AI tutors are transforming traditional classrooms.'}",What is the main goal of EdTech?,To enhance learning experiences.,What is the main goal of EdTech?
"{'text': 'Education technology, or EdTech, includes digital tools that enhance learning experiences. Online courses, smartboards, and AI tutors are transforming traditional classrooms.'}",What are some of the key components of EdTech?,"Digital tools, online courses, smartboards, and AI tutors.",What are some of the key components of EdTech?
"{'text': 'Education technology, or EdTech, includes digital tools that enhance learning experiences. Online courses, smartboards, and AI tutors are transforming traditional classrooms.'}",How do these tools differ from traditional teaching methods?,They transform traditional classrooms by providing new ways to engage with educational content.,How do these tools differ from traditional teaching methods?
"{'text': 'Genetic engineering allows scientists to modify the DNA of organisms. It has applications in medicine, agriculture, and biotechnology. Ethical concerns remain part of the ongoing debate.'}",What is the primary goal of genetic engineering?,To modify the DNA of organisms.,What is the primary goal of genetic engineering?
"{'text': 'Genetic engineering allows scientists to modify the DNA of organisms. It has applications in medicine, agriculture, and biotechnology. Ethical concerns remain part of the ongoing debate.'}",In which fields does genetic engineering have applications?,"Medicine, agriculture, and biotechnology.",In which fields does genetic engineering have applications?
"{'text': 'Genetic engineering allows scientists to modify the DNA of organisms. It has applications in medicine, agriculture, and biotechnology. Ethical concerns remain part of the ongoing debate.'}",What is a significant aspect of the ongoing debate surrounding genetic engineering?,Ethical concerns.,What is a significant aspect of the ongoing debate surrounding genetic engineering?
"{'text': 'Genetic engineering allows scientists to modify the DNA of organisms. It has applications in medicine, agriculture, and biotechnology. Ethical concerns remain part of the ongoing debate.'}",What does genetic engineering enable scientists to do?,Modify the DNA of organisms.,What does genetic engineering enable scientists to do?
"{'text': 'Genetic engineering allows scientists to modify the DNA of organisms. It has applications in medicine, agriculture, and biotechnology. Ethical concerns remain part of the ongoing debate.'}",What are some of the areas that benefit from genetic engineering?,"Medicine, agriculture, and biotechnology.",What are some of the areas that benefit from genetic engineering?
{'text': 'Economic inflation reduces the value of currency over time. It is measured by the rise in prices of goods and services. Central banks use interest rates to manage inflation.'},What is economic inflation?,"Economic inflation is a decrease in the value of currency over time, measured by the rise in prices of goods and services.",What is economic inflation?
{'text': 'Economic inflation reduces the value of currency over time. It is measured by the rise in prices of goods and services. Central banks use interest rates to manage inflation.'},What is the primary indicator of inflation?,The rise in prices of goods and services.,What is the primary indicator of inflation?
{'text': 'Economic inflation reduces the value of currency over time. It is measured by the rise in prices of goods and services. Central banks use interest rates to manage inflation.'},Who is responsible for managing inflation?,Central banks.,Who is responsible for managing inflation?
{'text': 'Economic inflation reduces the value of currency over time. It is measured by the rise in prices of goods and services. Central banks use interest rates to manage inflation.'},What tool do central banks use to manage inflation?,Interest rates.,What tool do central banks use to manage inflation?
{'text': 'Economic inflation reduces the value of currency over time. It is measured by the rise in prices of goods and services. Central banks use interest rates to manage inflation.'},What happens to the value of currency during inflation?,The value of currency decreases over time.,What happens to the value of currency during inflation?
"{'text': 'Cybersecurity involves protecting computer systems from theft, damage, or unauthorized access. It includes firewalls, antivirus software, and secure passwords.'}",What are the main components of cybersecurity?,"Cybersecurity involves firewalls, antivirus software, and secure passwords.",What are the main components of cybersecurity?
"{'text': 'Cybersecurity involves protecting computer systems from theft, damage, or unauthorized access. It includes firewalls, antivirus software, and secure passwords.'}",What are the primary threats that cybersecurity aims to protect against?,"Theft, damage, or unauthorized access.",What are the primary threats that cybersecurity aims to protect against?
"{'text': 'Cybersecurity involves protecting computer systems from theft, damage, or unauthorized access. It includes firewalls, antivirus software, and secure passwords.'}",How does a firewall contribute to cybersecurity?,A firewall helps protect computer systems by controlling incoming and outgoing network traffic based on predetermined security rules.,How does a firewall contribute to cybersecurity?
"{'text': 'Cybersecurity involves protecting computer systems from theft, damage, or unauthorized access. It includes firewalls, antivirus software, and secure passwords.'}",What is the role of antivirus software in cybersecurity?,"Antivirus software helps protect computer systems by detecting, preventing, and removing malicious software (malware) such as viruses, worms, and Trojan horses.",What is the role of antivirus software in cybersecurity?
"{'text': 'Cybersecurity involves protecting computer systems from theft, damage, or unauthorized access. It includes firewalls, antivirus software, and secure passwords.'}",Why are secure passwords important in cybersecurity?,Secure passwords help prevent unauthorized access to computer systems by making it difficult for hackers to guess or crack passwords.,Why are secure passwords important in cybersecurity?
"{'text': 'Cultural heritage includes traditions, monuments, and languages passed down through generations. It reflects a community’s identity and values.'}",What are the main components of cultural heritage?,"Traditions, monuments, and languages.",What are the main components of cultural heritage?
"{'text': 'Cultural heritage includes traditions, monuments, and languages passed down through generations. It reflects a community’s identity and values.'}",How does cultural heritage reflect a community?,It reflects a community’s identity and values.,How does cultural heritage reflect a community?
"{'text': 'Cultural heritage includes traditions, monuments, and languages passed down through generations. It reflects a community’s identity and values.'}",What is the primary purpose of cultural heritage?,"To pass down traditions, monuments, and languages through generations.",What is the primary purpose of cultural heritage?
"{'text': 'Cultural heritage includes traditions, monuments, and languages passed down through generations. It reflects a community’s identity and values.'}",What does cultural heritage help to preserve?,A community’s identity and values.,What does cultural heritage help to preserve?
"{'text': 'Cultural heritage includes traditions, monuments, and languages passed down through generations. It reflects a community’s identity and values.'}",What is the relationship between cultural heritage and a community’s identity?,Cultural heritage reflects and helps preserve a community’s identity.,What is the relationship between cultural heritage and a community’s identity?
"{'text': 'Marine biodiversity is crucial for healthy ocean ecosystems. Coral reefs, fish, and microorganisms all contribute to ecological balance and food security.'}",What are the key components of marine biodiversity mentioned in the text?,"Coral reefs, fish, and microorganisms",What are the key components of marine biodiversity mentioned in the text?
"{'text': 'Marine biodiversity is crucial for healthy ocean ecosystems. Coral reefs, fish, and microorganisms all contribute to ecological balance and food security.'}",What are the two main benefits of marine biodiversity highlighted in the text?,Ecological balance and food security,What are the two main benefits of marine biodiversity highlighted in the text?
"{'text': 'Marine biodiversity is crucial for healthy ocean ecosystems. Coral reefs, fish, and microorganisms all contribute to ecological balance and food security.'}",Which of these components contributes most to food security?,Fish,Which of these components contributes most to food security?
"{'text': 'Marine biodiversity is crucial for healthy ocean ecosystems. Coral reefs, fish, and microorganisms all contribute to ecological balance and food security.'}","What role do microorganisms play in marine ecosystems, according to the text?",They contribute to ecological balance,"What role do microorganisms play in marine ecosystems, according to the text?"
"{'text': 'Marine biodiversity is crucial for healthy ocean ecosystems. Coral reefs, fish, and microorganisms all contribute to ecological balance and food security.'}",Are there any other benefits of marine biodiversity mentioned in the text besides ecological balance and food security?,"No, only ecological balance and food security are mentioned",Are there any other benefits of marine biodiversity mentioned in the text besides ecological balance and food security?
"{'text': 'The printing press, invented by Johannes Gutenberg in the 15th century, revolutionized the spread of knowledge. It enabled mass production of books and democratized information.'}",Who invented the printing press?,Johannes Gutenberg,Who invented the printing press?
"{'text': 'The printing press, invented by Johannes Gutenberg in the 15th century, revolutionized the spread of knowledge. It enabled mass production of books and democratized information.'}",In which century was the printing press invented?,15th century,In which century was the printing press invented?
"{'text': 'The printing press, invented by Johannes Gutenberg in the 15th century, revolutionized the spread of knowledge. It enabled mass production of books and democratized information.'}",What was the primary impact of the printing press?,It revolutionized the spread of knowledge and enabled mass production of books.,What was the primary impact of the printing press?
"{'text': 'The printing press, invented by Johannes Gutenberg in the 15th century, revolutionized the spread of knowledge. It enabled mass production of books and democratized information.'}",How did the printing press democratize information?,"It made books more accessible and affordable, spreading knowledge to a wider audience.",How did the printing press democratize information?
"{'text': 'The printing press, invented by Johannes Gutenberg in the 15th century, revolutionized the spread of knowledge. It enabled mass production of books and democratized information.'}",What specific innovation did the printing press introduce?,It introduced the ability to mass produce printed materials using movable type.,What specific innovation did the printing press introduce?
{'text': 'Quantum mechanics describes the behavior of particles at atomic and subatomic scales. It challenges classical physics and underpins technologies like semiconductors.'},What is the primary focus of quantum mechanics?,Quantum mechanics primarily focuses on the behavior of particles at atomic and subatomic scales.,What is the primary focus of quantum mechanics?
{'text': 'Quantum mechanics describes the behavior of particles at atomic and subatomic scales. It challenges classical physics and underpins technologies like semiconductors.'},How does quantum mechanics differ from classical physics?,"Quantum mechanics challenges classical physics, suggesting that particles can exist in multiple states at once (superposition) and can be connected in ways that classical physics cannot explain (entanglement).",How does quantum mechanics differ from classical physics?
{'text': 'Quantum mechanics describes the behavior of particles at atomic and subatomic scales. It challenges classical physics and underpins technologies like semiconductors.'},What are some technologies that quantum mechanics underpins?,"Quantum mechanics underpins technologies like semiconductors, which are crucial for modern electronics.",What are some technologies that quantum mechanics underpins?
{'text': 'Quantum mechanics describes the behavior of particles at atomic and subatomic scales. It challenges classical physics and underpins technologies like semiconductors.'},What are some other technologies that could potentially be influenced by quantum mechanics?,"Other potential technologies influenced by quantum mechanics include quantum computing, quantum cryptography, and quantum teleportation, although these are still in the early stages of development.",What are some other technologies that could potentially be influenced by quantum mechanics?
{'text': 'Quantum mechanics describes the behavior of particles at atomic and subatomic scales. It challenges classical physics and underpins technologies like semiconductors.'},What are some of the key principles of quantum mechanics?,"Key principles of quantum mechanics include superposition, entanglement, and wave-particle duality.",What are some of the key principles of quantum mechanics?
"{'text': 'Climate change is leading to more frequent and intense natural disasters, such as hurricanes, droughts, and wildfires. Adaptation and mitigation strategies are essential.'}",What are the main types of natural disasters mentioned to be increasing in frequency and intensity due to climate change?,"Hurricanes, droughts, and wildfires.",What are the main types of natural disasters mentioned to be increasing in frequency and intensity due to climate change?
"{'text': 'Climate change is leading to more frequent and intense natural disasters, such as hurricanes, droughts, and wildfires. Adaptation and mitigation strategies are essential.'}",What are the two key approaches mentioned to address climate change?,Adaptation and mitigation strategies.,What are the two key approaches mentioned to address climate change?
"{'text': 'Climate change is leading to more frequent and intense natural disasters, such as hurricanes, droughts, and wildfires. Adaptation and mitigation strategies are essential.'}",What does 'mitigation' refer to in the context of climate change?,Mitigation refers to efforts to reduce the sources or enhance the sinks of greenhouse gases to limit the human influence on the climate system.,What does 'mitigation' refer to in the context of climate change?
"{'text': 'Climate change is leading to more frequent and intense natural disasters, such as hurricanes, droughts, and wildfires. Adaptation and mitigation strategies are essential.'}",What does 'adaptation' refer to in the context of climate change?,"Adaptation refers to adjustments in ecological, social, or economic systems in response to actual or expected climatic stimuli and their effects or impacts.",What does 'adaptation' refer to in the context of climate change?
"{'text': 'Climate change is leading to more frequent and intense natural disasters, such as hurricanes, droughts, and wildfires. Adaptation and mitigation strategies are essential.'}","What is the main cause of the increase in frequency and intensity of natural disasters, according to the text?",Climate change.,"What is the main cause of the increase in frequency and intensity of natural disasters, according to the text?"
"{'text': 'Social media platforms enable communication, content sharing, and networking. While they connect people globally, they also raise concerns about mental health and misinformation.'}",What are the primary functions of social media platforms?,"Communication, content sharing, and networking.",What are the primary functions of social media platforms?
"{'text': 'Social media platforms enable communication, content sharing, and networking. While they connect people globally, they also raise concerns about mental health and misinformation.'}",What is one of the main benefits of using social media platforms?,Connecting people globally.,What is one of the main benefits of using social media platforms?
"{'text': 'Social media platforms enable communication, content sharing, and networking. While they connect people globally, they also raise concerns about mental health and misinformation.'}",What are some of the concerns raised about social media platforms?,Mental health issues and misinformation.,What are some of the concerns raised about social media platforms?
"{'text': 'Social media platforms enable communication, content sharing, and networking. While they connect people globally, they also raise concerns about mental health and misinformation.'}","How do social media platforms impact mental health, according to the text?",The text suggests that they raise concerns about mental health.,"How do social media platforms impact mental health, according to the text?"
"{'text': 'Social media platforms enable communication, content sharing, and networking. While they connect people globally, they also raise concerns about mental health and misinformation.'}","What is another challenge posed by social media platforms, besides mental health concerns?",Misinformation.,"What is another challenge posed by social media platforms, besides mental health concerns?"
"{'text': 'Electric vehicles (EVs) use battery-powered motors instead of internal combustion engines. They are a sustainable alternative to traditional cars, reducing carbon emissions.'}",What is the primary difference between electric vehicles (EVs) and traditional cars?,"Electric vehicles use battery-powered motors, while traditional cars use internal combustion engines.",What is the primary difference between electric vehicles (EVs) and traditional cars?
"{'text': 'Electric vehicles (EVs) use battery-powered motors instead of internal combustion engines. They are a sustainable alternative to traditional cars, reducing carbon emissions.'}",What makes electric vehicles a sustainable alternative?,Electric vehicles reduce carbon emissions compared to traditional cars.,What makes electric vehicles a sustainable alternative?
"{'text': 'Electric vehicles (EVs) use battery-powered motors instead of internal combustion engines. They are a sustainable alternative to traditional cars, reducing carbon emissions.'}",How do electric vehicles reduce carbon emissions?,"Electric vehicles produce zero tailpipe emissions, reducing overall carbon emissions.",How do electric vehicles reduce carbon emissions?
"{'text': 'Electric vehicles (EVs) use battery-powered motors instead of internal combustion engines. They are a sustainable alternative to traditional cars, reducing carbon emissions.'}",What is the main power source for electric vehicles?,Batteries,What is the main power source for electric vehicles?
"{'text': 'Electric vehicles (EVs) use battery-powered motors instead of internal combustion engines. They are a sustainable alternative to traditional cars, reducing carbon emissions.'}",What do electric vehicles not use?,Internal combustion engines,What do electric vehicles not use?
"{'text': 'Water scarcity affects billions of people worldwide. It can result from droughts, pollution, or poor infrastructure. Conservation and desalination are part of the solution.'}",What are the primary causes of water scarcity mentioned in the text?,"Droughts, pollution, and poor infrastructure.",What are the primary causes of water scarcity mentioned in the text?
"{'text': 'Water scarcity affects billions of people worldwide. It can result from droughts, pollution, or poor infrastructure. Conservation and desalination are part of the solution.'}","How many people are affected by water scarcity worldwide, according to the text?",Billions of people,"How many people are affected by water scarcity worldwide, according to the text?"
"{'text': 'Water scarcity affects billions of people worldwide. It can result from droughts, pollution, or poor infrastructure. Conservation and desalination are part of the solution.'}",What are the solutions to water scarcity mentioned in the text?,Conservation and desalination,What are the solutions to water scarcity mentioned in the text?
"{'text': 'Water scarcity affects billions of people worldwide. It can result from droughts, pollution, or poor infrastructure. Conservation and desalination are part of the solution.'}",Which of the causes of water scarcity is not directly related to the quantity of water available?,Pollution,Which of the causes of water scarcity is not directly related to the quantity of water available?
"{'text': 'Water scarcity affects billions of people worldwide. It can result from droughts, pollution, or poor infrastructure. Conservation and desalination are part of the solution.'}",What is the text's main focus?,Water scarcity and its solutions,What is the text's main focus?
"{'text': 'Microplastics are tiny plastic particles found in oceans, soil, and even food. They pose risks to wildlife and human health. Reducing plastic waste is critical.'}",What are microplastics?,"Tiny plastic particles found in various environments like oceans, soil, and food.",What are microplastics?
"{'text': 'Microplastics are tiny plastic particles found in oceans, soil, and even food. They pose risks to wildlife and human health. Reducing plastic waste is critical.'}",Where are microplastics commonly found?,"In oceans, soil, and food.",Where are microplastics commonly found?
"{'text': 'Microplastics are tiny plastic particles found in oceans, soil, and even food. They pose risks to wildlife and human health. Reducing plastic waste is critical.'}",What are the risks associated with microplastics?,They pose risks to wildlife and human health.,What are the risks associated with microplastics?
"{'text': 'Microplastics are tiny plastic particles found in oceans, soil, and even food. They pose risks to wildlife and human health. Reducing plastic waste is critical.'}",Why is reducing plastic waste critical?,To mitigate the issue of microplastics.,Why is reducing plastic waste critical?
"{'text': 'Microplastics are tiny plastic particles found in oceans, soil, and even food. They pose risks to wildlife and human health. Reducing plastic waste is critical.'}",What are some ways to reduce plastic waste?,"The text does not provide specific methods, but it implies that reducing plastic waste is crucial to address the microplastics issue.",What are some ways to reduce plastic waste?
"{'text': 'Renewable agriculture practices aim to sustain food production while protecting the environment. Techniques include crop rotation, organic farming, and soil conservation.'}",What are the main goals of renewable agriculture practices?,To sustain food production and protect the environment.,What are the main goals of renewable agriculture practices?
"{'text': 'Renewable agriculture practices aim to sustain food production while protecting the environment. Techniques include crop rotation, organic farming, and soil conservation.'}",Can you name some techniques used in renewable agriculture?,"Crop rotation, organic farming, and soil conservation.",Can you name some techniques used in renewable agriculture?
"{'text': 'Renewable agriculture practices aim to sustain food production while protecting the environment. Techniques include crop rotation, organic farming, and soil conservation.'}",How does crop rotation contribute to renewable agriculture?,Crop rotation helps maintain soil fertility and prevent the buildup of pests and diseases.,How does crop rotation contribute to renewable agriculture?
"{'text': 'Renewable agriculture practices aim to sustain food production while protecting the environment. Techniques include crop rotation, organic farming, and soil conservation.'}",What is the focus of organic farming in renewable agriculture?,Organic farming focuses on using natural methods to grow crops without synthetic chemicals.,What is the focus of organic farming in renewable agriculture?
"{'text': 'Renewable agriculture practices aim to sustain food production while protecting the environment. Techniques include crop rotation, organic farming, and soil conservation.'}",How does soil conservation play a role in renewable agriculture?,"Soil conservation helps maintain soil health and prevent erosion, ensuring long-term productivity.",How does soil conservation play a role in renewable agriculture?
"{'text': 'Mental health is essential for overall well-being. Conditions like anxiety and depression can be treated through therapy, medication, and community support.'}",What are some of the conditions that can affect mental health?,Anxiety and depression,What are some of the conditions that can affect mental health?
"{'text': 'Mental health is essential for overall well-being. Conditions like anxiety and depression can be treated through therapy, medication, and community support.'}",What are the primary methods mentioned for treating these conditions?,"Therapy, medication, and community support",What are the primary methods mentioned for treating these conditions?
"{'text': 'Mental health is essential for overall well-being. Conditions like anxiety and depression can be treated through therapy, medication, and community support.'}",How does mental health contribute to overall well-being?,It is essential for overall well-being,How does mental health contribute to overall well-being?
"{'text': 'Mental health is essential for overall well-being. Conditions like anxiety and depression can be treated through therapy, medication, and community support.'}",What role does community support play in mental health treatment?,It is one of the methods mentioned for treating mental health conditions,What role does community support play in mental health treatment?
"{'text': 'Mental health is essential for overall well-being. Conditions like anxiety and depression can be treated through therapy, medication, and community support.'}",Are there any alternative treatments mentioned for mental health conditions?,"No, only therapy, medication, and community support are mentioned",Are there any alternative treatments mentioned for mental health conditions?
"{'text': 'Electricity is the flow of electric charge and is essential to modern life. It powers homes, industries, and technologies. Renewable sources are transforming electricity generation.'}",What is the primary definition of electricity according to the text?,The flow of electric charge.,What is the primary definition of electricity according to the text?
"{'text': 'Electricity is the flow of electric charge and is essential to modern life. It powers homes, industries, and technologies. Renewable sources are transforming electricity generation.'}",What is one of the key roles electricity plays in our lives?,Powering homes.,What is one of the key roles electricity plays in our lives?
"{'text': 'Electricity is the flow of electric charge and is essential to modern life. It powers homes, industries, and technologies. Renewable sources are transforming electricity generation.'}",What other sectors does electricity support besides homes?,Industries and technologies.,What other sectors does electricity support besides homes?
"{'text': 'Electricity is the flow of electric charge and is essential to modern life. It powers homes, industries, and technologies. Renewable sources are transforming electricity generation.'}","What is the current trend in electricity generation, as mentioned in the text?",Renewable sources are transforming electricity generation.,"What is the current trend in electricity generation, as mentioned in the text?"
"{'text': 'Electricity is the flow of electric charge and is essential to modern life. It powers homes, industries, and technologies. Renewable sources are transforming electricity generation.'}",What does this transformation imply about the future of electricity generation?,It suggests a shift towards more sustainable sources.,What does this transformation imply about the future of electricity generation?
"{'text': 'Augmented reality (AR) overlays digital information onto the real world. It is used in gaming, education, and retail. AR enhances user interaction with digital content.'}",What is Augmented Reality (AR)?,AR is a technology that overlays digital information onto the real world.,What is Augmented Reality (AR)?
"{'text': 'Augmented reality (AR) overlays digital information onto the real world. It is used in gaming, education, and retail. AR enhances user interaction with digital content.'}",What are some common use cases of AR?,"AR is commonly used in gaming, education, and retail.",What are some common use cases of AR?
"{'text': 'Augmented reality (AR) overlays digital information onto the real world. It is used in gaming, education, and retail. AR enhances user interaction with digital content.'}",How does AR enhance user interaction with digital content?,AR enhances user interaction by overlaying digital information onto the real world.,How does AR enhance user interaction with digital content?
"{'text': 'Augmented reality (AR) overlays digital information onto the real world. It is used in gaming, education, and retail. AR enhances user interaction with digital content.'}",What kind of digital information can AR overlay?,"AR can overlay various types of digital information, such as images, text, or 3D models.",What kind of digital information can AR overlay?
"{'text': 'Augmented reality (AR) overlays digital information onto the real world. It is used in gaming, education, and retail. AR enhances user interaction with digital content.'}",How does AR differ from Virtual Reality (VR)?,"While VR immerses users in a completely digital environment, AR overlays digital information onto the real world.",How does AR differ from Virtual Reality (VR)?
"{'text': 'Universal basic income (UBI) is a proposed economic policy that provides regular, unconditional payments to all citizens. It aims to reduce poverty and provide financial security.'}",What is the primary goal of Universal Basic Income (UBI)?,To reduce poverty and provide financial security.,What is the primary goal of Universal Basic Income (UBI)?
"{'text': 'Universal basic income (UBI) is a proposed economic policy that provides regular, unconditional payments to all citizens. It aims to reduce poverty and provide financial security.'}",Who are the intended recipients of UBI?,All citizens.,Who are the intended recipients of UBI?
"{'text': 'Universal basic income (UBI) is a proposed economic policy that provides regular, unconditional payments to all citizens. It aims to reduce poverty and provide financial security.'}",What is the frequency of payments under UBI?,"Regular, unconditional payments.",What is the frequency of payments under UBI?
"{'text': 'Universal basic income (UBI) is a proposed economic policy that provides regular, unconditional payments to all citizens. It aims to reduce poverty and provide financial security.'}",What does 'unconditional' mean in the context of UBI?,Payments are made without any conditions or requirements.,What does 'unconditional' mean in the context of UBI?
"{'text': 'Universal basic income (UBI) is a proposed economic policy that provides regular, unconditional payments to all citizens. It aims to reduce poverty and provide financial security.'}",What economic policy is UBI proposing?,A proposed economic policy.,What economic policy is UBI proposing?
{'text': 'Volcanoes form when magma from beneath the Earth’s crust erupts to the surface. They shape landscapes and influence climate. Monitoring helps mitigate hazards.'},What causes volcanoes to form?,Magma from beneath the Earth’s crust erupts to the surface.,What causes volcanoes to form?
{'text': 'Volcanoes form when magma from beneath the Earth’s crust erupts to the surface. They shape landscapes and influence climate. Monitoring helps mitigate hazards.'},How do volcanoes affect the environment?,They shape landscapes and influence climate.,How do volcanoes affect the environment?
{'text': 'Volcanoes form when magma from beneath the Earth’s crust erupts to the surface. They shape landscapes and influence climate. Monitoring helps mitigate hazards.'},Why is monitoring volcanoes important?,It helps mitigate hazards.,Why is monitoring volcanoes important?
{'text': 'Volcanoes form when magma from beneath the Earth’s crust erupts to the surface. They shape landscapes and influence climate. Monitoring helps mitigate hazards.'},What is the primary process that leads to a volcanic eruption?,The eruption of magma from beneath the Earth’s crust.,What is the primary process that leads to a volcanic eruption?
{'text': 'Volcanoes form when magma from beneath the Earth’s crust erupts to the surface. They shape landscapes and influence climate. Monitoring helps mitigate hazards.'},What are some of the impacts of volcanic activity on the environment?,They shape landscapes and influence climate.,What are some of the impacts of volcanic activity on the environment?
