ID,TEXT
doc001,"The city hospital has been struggling with long waiting times in the emergency room due to a shortage of nurses and doctors."
doc002,"A new primary school is being built in the outskirts of the city to reduce classroom overcrowding and improve access to education."
doc003,"Residents are worried about the recent increase in robberies near the subway station and are asking for more police patrols at night."
doc004,"The local government launched a mental health campaign to provide free counseling sessions for low income families."
doc005,"Teachers report that the lack of updated textbooks and lab equipment is making it hard to deliver high quality lessons."
doc006,"The police department announced a joint task force to combat drug trafficking in the downtown area."
doc007,"Parents praised the vaccination drive at the community clinic, highlighting the clear instructions and efficient organization."
doc008,"University researchers are developing an online course platform to support remote learning for public school students."
doc009,"The mayor presented a new public safety plan that includes more street lighting and surveillance cameras in high risk neighborhoods."
doc010,"A technical training program is offering scholarships for young people who want to work in software development and data analysis."
doc011,"The regional hospital opened a new wing dedicated to cancer treatment with modern equipment and specialized doctors."
doc012,"Teachers are receiving training on how to use digital tools in the classroom to make lessons more interactive and engaging."
doc013,"Local businesses complained about repeated burglaries and demanded faster response times from the police."
doc014,"A non profit organization is offering free tutoring for students who fell behind during the pandemic."
doc015,"The public health department issued an alert about rising cases of dengue and recommended preventive actions to residents."
doc016,"Community leaders organized a neighborhood watch group to report suspicious activity and improve feelings of safety."
doc017,"The ministry of education is evaluating a reform that would extend the school day to include arts and sports activities."
doc018,"Doctors at the public clinic say that many patients arrive with advanced illnesses because they could not afford private checkups."
doc019,"The police launched an awareness campaign about online scams targeting elderly citizens."
doc020,"A new public library was inaugurated with study spaces, computer labs, and a dedicated area for children."
doc021,"Nurses reported burnout and emotional stress due to the high number of patients per shift in the emergency unit."
doc022,"The city council is debating whether to install security cameras in all public parks and squares."
doc023,"High school students participated in a science fair where they presented projects about renewable energy and climate change."
doc024,"The local health center started a program to monitor chronic patients and send reminders about medication and appointments."
doc025,"Residents criticized the lack of police presence in rural areas, where thefts of farm equipment have become more frequent."
doc026,"A vocational school opened new courses focused on hospitality, tourism, and customer service."
doc027,"Doctors warned that overcrowded waiting rooms increase the risk of spreading respiratory infections among patients."
doc028,"The education department is piloting a digital assessment system to track student progress throughout the year."
doc029,"A community meeting was held to discuss strategies to reduce violence around bars and nightclubs in the city center."
doc030,"The government announced funding for research projects on public health, focusing on infectious diseases and mental health."
doc031,"University professors are collaborating with public schools to design teaching materials adapted to local social realities."
doc032,"Police officers visited local schools to talk about bullying, cybercrime, and how to report unsafe situations."
doc033,"The hospital implemented a triage protocol to prioritize more severe cases and reduce patient complaints."
doc034,"A literacy program for adults is helping workers improve their reading and writing skills to access better job opportunities."
doc035,"Residents say they feel unsafe using the bus terminal at night because of poor lighting and frequent fights."
doc036,"Health professionals organized a workshop to explain the importance of vaccination and dispel common myths."
doc037,"The city created a scholarship program for students who commit to working as teachers in public schools after graduation."
doc038,"Police data show a drop in car thefts after the installation of license plate recognition cameras on main avenues."
doc039,"The pediatric unit is overwhelmed, and parents report waiting several hours before their children are seen by a doctor."
doc040,"A pilot project introduced tablets in classrooms to support collaborative activities and digital literacy."
doc041,"Residents are asking for a permanent police station in their neighborhood instead of occasional patrols."
doc042,"The health ministry launched an online portal where citizens can schedule appointments and access their medical records."
doc043,"Teachers complain that large class sizes make it difficult to provide individual feedback to students."
doc044,"The municipal guard started patrolling school surroundings to prevent drug dealing near the entrances."
doc045,"A new telemedicine service allows patients in remote villages to consult specialists without traveling long distances."
doc046,"The school board is considering extending internet access and opening study rooms during weekends."
doc047,"Local media reported an increase in domestic violence cases, and police urged victims to use the emergency hotline."
doc048,"The family health program is sending teams to visit households and identify people who need vaccinations or chronic care."
doc049,"A partnership between a university and a public school is testing project based learning to improve student engagement."
doc050,"Citizens have been demanding stricter penalties for armed robberies after several high profile incidents in the city."
doc051,"The public hospital introduced an electronic medical record system to reduce paperwork and speed up patient registration."
doc052,"Students complained that frequent teacher absences are disrupting classes and harming their preparation for university exams."
doc053,"Police reported that most thefts in the area occur near ATMs at night, recommending that banks improve lighting and security."
doc054,"A community health fair offered free blood pressure checks, diabetes screening, and orientation about healthy eating."
doc055,"The local school started an after school program to help children with homework and keep them away from street violence."
doc056,"Residents say emergency calls sometimes go unanswered, and ambulances take too long to arrive in remote neighborhoods."
doc057,"The ministry of justice launched a campaign to encourage citizens to report corruption and misuse of public funds."
doc058,"A pilot project installed panic buttons in classrooms to allow staff to quickly alert security in case of emergencies."
doc059,"Doctors are concerned about the rise of antibiotic resistant infections due to self medication and incomplete treatments."
doc060,"A non governmental organization is training volunteers to teach basic literacy to adults in low income communities."
doc061,"Parents are worried about drug dealers approaching teenagers at the school gate in the late afternoon."
doc062,"The health department expanded its vaccination schedule to include evening hours for workers who cannot attend during the day."
doc063,"A new scholarship program supports nurses who want to specialize in intensive care and emergency medicine."
doc064,"Teachers reported that students without internet access at home have more difficulties completing online assignments."
doc065,"Police statistics indicate that assaults have decreased near the stadium after the installation of metal detectors and cameras."
doc066,"The local clinic launched a prenatal care program aimed at reducing complications during pregnancy among low income women."
doc067,"A group of high school students created a robotics club with support from their science teacher and a local university."
doc068,"Residents are calling for more police presence on weekends, when bars and nightclubs attract large crowds."
doc069,"Doctors say that many patients arrive at the emergency room with conditions that could have been treated earlier in primary care."
doc070,"The education department is reviewing school infrastructure to fix leaking roofs, broken bathrooms, and unsafe playgrounds."
doc071,"A community policing initiative assigns specific officers to build relationships with residents and understand local problems."
doc072,"Health workers visited local markets to provide information on food safety and proper handling of meat and vegetables."
doc073,"Teachers are experimenting with group projects and peer evaluation to foster collaboration and critical thinking."
doc074,"Residents reported frequent gunshots in the neighborhood and say children are afraid to play outside."
doc075,"The municipal government is considering creating a mobile clinic to reach isolated rural communities."
doc076,"A survey revealed that many students feel anxious about school violence and bullying in hallways and bathrooms."
doc077,"Police organized a self defense workshop for women as part of a broader strategy to prevent gender based violence."
doc078,"The hospital set up a fast track service for minor injuries to reduce overcrowding in the main emergency department."
doc079,"A partnership between the education and health departments promotes regular vision and hearing tests in elementary schools."
doc080,"Residents requested traffic calming measures and speed bumps near a school where several accidents have occurred."
doc081,"Nurses reported that limited staffing during night shifts compromises the quality of patient monitoring."
doc082,"Teachers are using project based learning to connect science lessons with real problems in the community, such as water pollution."
doc083,"The police force received new patrol cars and communication equipment to improve response times in critical situations."
doc084,"A public health campaign encourages people to quit smoking and offers free counseling and nicotine replacement therapy."
doc085,"Students from different schools participated in a citywide math competition hosted at the local university."
doc086,"Residents say that abandoned buildings are being used for criminal activity and want the city to either renovate or demolish them."
doc087,"Doctors are concerned about the number of children missing routine vaccinations after the pandemic disruptions."
doc088,"The education ministry is testing a national assessment to monitor reading and writing skills in early grades."
doc089,"Police announced more checkpoints on major roads to combat drunk driving and improve traffic safety."
doc090,"A health clinic opened a dedicated line for teleconsultations with psychologists to handle increased demand for mental health support."
doc091,"Teachers complain that frequent curriculum changes leave little time for proper planning and training."
doc092,"Residents asked for better lighting and emergency call boxes along the riverside walking path, which is popular but poorly monitored."
doc093,"The public hospital launched a patient feedback system to gather complaints and suggestions about waiting times and service quality."
doc094,"A coding bootcamp is offering free spots for unemployed youth interested in learning programming and data skills."
doc095,"Police reports show an increase in bicycle thefts, especially around university campuses and public transport hubs."
doc096,"Health workers set up a mobile vaccination unit at a busy bus station to reach commuters on their way to work."
doc097,"Teachers held a meeting with parents to discuss strategies to reduce absenteeism and improve student motivation."
doc098,"Residents say that loud parties and fights in front of bars keep them awake at night and have requested stricter enforcement of noise laws."
doc099,"The health department introduced a reminder system that sends SMS messages to patients about upcoming appointments and exams."
doc100,"Police officers are receiving training on conflict de escalation techniques to reduce the use of force in daily operations."